municipality_code,municipality_name,population_2024,facilities,sus_linked_facilities,sus_beds,existing_equipment,facilities_per_10k,sus_beds_per_10k,equipment_per_10k,sus_linked_share,health_spending_per_capita,personnel_spending_share_health_spending,investment_share_health_spending,transfer_share_health_spending,own_revenue_applied_asps_lc141,outpatient_records,outpatient_approved_quantity,outpatient_approved_value_brl,outpatient_quantity_per_1000,outpatient_value_per_capita_brl,primary_care_total_production_2025,primary_care_home_visit_share,primary_care_dental_share,primary_care_procedure_share,primary_care_production_per_1000,cluster,cluster_label,pc1,pc2
500020,Água Clara - MS,17647,33,10,21,157,18.700062333541112,11.90003966679889,88.96696322321075,0.30303030303030304,2652.86,73.92,3.72,31.78,24.49,21363,193436,913263.24,10961.409871366237,51.75175610585369,302846,0.5241508885704286,0.026310401986488183,0.30497348487350007,17161.33053776846,Cluster 4,Lower-density structure,0.28578197924156834,-0.7954732411895433
500025,Alcinópolis - MS,4648,17,7,22,34,36.574870912220305,47.332185886402755,73.14974182444061,0.4117647058823529,4252.7,54.1,10.64,17.51,20.95,4293,31402,85124.09999999999,6756.024096385542,18.314135111876073,72949,0.17402568918011213,0.0242086937449451,0.5227213532742052,15694.707401032701,Cluster 1,Small municipalities with high local capacity,-2.2751478179746245,-4.041762805870366
500060,Amambai - MS,41414,122,28,57,566,29.45863717583426,13.763461631332401,136.6687593567393,0.22950819672131148,1842.14,45.32,11.92,30.95,25.25,21624,177525,873981.48,4286.593905442604,21.103527309605447,467547,0.6065743123151255,0.025402793729828232,0.24144310625455837,11289.588062008017,Cluster 3,Regional hubs and dense network,1.2856904979797,-0.3445235616572509
500070,Anastácio - MS,24741,24,18,24,44,9.700497150478961,9.700497150478961,17.784244775878097,0.75,1382.72,37.2,5.49,34.61,23.38,19003,216898,1053857.87,8766.743462269109,42.59560527060346,427919,0.46316008403459535,0.034198060847964215,0.3373301956678717,17295.946000565862,Cluster 4,Lower-density structure,-0.9152668641703788,1.608429462532807
500080,Anaurilândia - MS,7735,17,9,8,100,21.978021978021978,10.342598577892696,129.2824822236587,0.5294117647058824,2152.77,51.220000000000006,2.4299999999999997,22.4,24.1,11100,103239,160278.16999999998,13346.994182288301,20.721159663865546,105404,0.7276953436302228,0.015046867291563888,0.18222268604607036,13626.89075630252,Cluster 4,Lower-density structure,-0.2724517301416474,-1.0200748883418553
500085,Angélica - MS,11203,19,8,14,63,16.95974292600196,12.496652682317237,56.23493707042756,0.42105263157894735,1985.41,44.98,5.1899999999999995,56.17,23.86,2313,39990,200597.63999999998,3569.579576899045,17.90570739980362,237158,0.5977576130680812,0.0208805943716847,0.23822093288018958,21169.15112023565,Cluster 4,Lower-density structure,0.3311908463772524,0.9138757672294702
500090,Antônio João - MS,9641,22,13,10,105,22.819209625557516,10.372368011617054,108.90986412197904,0.5909090909090909,2686.32,50.41,2.3499999999999996,27.34,40.01,8234,133574,461780.91000000003,13854.786847837362,47.89761539259413,127489,0.3967322670975535,0.026668967518766323,0.36729443324522115,13223.628254330464,Cluster 4,Lower-density structure,-0.4046304342819999,-1.656303200830938
500100,Aparecida do Taboado - MS,29446,61,17,45,195,20.715886707872038,15.28221150580724,66.2229165251647,0.2786885245901639,1868.15,34.43,5.42,36.73,26.86,54982,501017,3198795.62,17014.772804455613,108.6326027304218,525518,0.5919245392165444,0.018787177603811857,0.23385497737470456,17846.8382802418,Cluster 3,Regional hubs and dense network,1.176075261050559,0.4920578056038057
500110,Aquidauana - MS,48561,139,47,126,604,28.623792755503384,25.94674738988077,124.3796462181586,0.3381294964028777,2345.3,36.51,4.72,63.47,22.979999999999997,188259,1031696,6800268.850000001,21245.361504087643,140.0356016144643,767962,0.5484932848239887,0.03276854844380321,0.27878332521661225,15814.377792879059,Cluster 3,Regional hubs and dense network,2.1937492518383577,-0.6216737159046511
500124,Aral Moreira - MS,11085,15,14,10,27,13.531799729364007,9.021199819576003,24.357239512855212,0.9333333333333332,2696.3300000000004,1.39,4.159999999999999,30.68,30.93,940,42996,192712.72,3878.755074424899,17.38499954894001,126241,0.5278158442978114,0.03331722657456769,0.2807170412148193,11388.452864230941,Cluster 4,Lower-density structure,-2.658845149928336,0.8428675983764077
500150,Bandeirantes - MS,8276,10,6,12,9,12.083131947800869,14.499758337361042,10.874818753020783,0.6,2526.9300000000003,51.53,7.29,32.01,19.45,885,65513,234222.91999999998,7916.022232962784,28.30146447559207,104610,0.429844183156486,0.01316317751648982,0.37076761303890643,12640.16433059449,Cluster 4,Lower-density structure,-1.800380442543693,0.10966403317635859
500190,Bataguassu - MS,24004,67,25,29,226,27.912014664222628,12.08131978003666,94.15097483752707,0.373134328358209,1731.1,49.17,1.77,30.610000000000003,28.01,54452,428254,1232129.25,17840.943176137313,51.33016372271288,532268,0.43034148211051576,0.023916523255202268,0.34510246717818843,22174.137643726044,Cluster 3,Regional hubs and dense network,1.245421703794266,-0.30984393504654906
500200,Batayporã - MS,10953,22,10,0,91,20.085821236191,0,83.08226056788095,0.4545454545454546,1738.58,48.34,6.08,44.67,17.37,8594,68149,68717.57,6221.948324659911,6.273858303661098,264321,0.5417049723631494,0.01657832710983993,0.27141241142398825,24132.292522596552,Cluster 4,Lower-density structure,0.08361922040659184,1.5655058402403712
500210,Bela Vista - MS,21965,41,18,29,139,18.6660596403369,13.202822672433417,63.282494878215346,0.4390243902439024,2077.17,41.48,2.76,36.809999999999995,28.12,44153,502271,764300.88,22866.879125882086,34.796306851809696,349492,0.5325958820230506,0.016712828905954928,0.28812390555434747,15911.313453221033,Cluster 4,Lower-density structure,0.31058425612882257,0.24938320560650848
500215,Bodoquena - MS,8849,15,8,8,36,16.951067917278788,9.040569555882021,40.68256300146909,0.5333333333333333,2703.72,52.37,0.8500000000000001,34.230000000000004,25.36,4935,90159,294139.45,10188.60888235959,33.239851960673526,84795,0.4331977121292529,0.04966094698979893,0.3161743027301138,9582.4386936377,Cluster 4,Lower-density structure,-0.7909724707452115,-0.679237118189467
500220,Bonito - MS,24761,36,15,32,100,14.538992770889704,12.923549129679738,40.386091030249176,0.4166666666666667,2458.54,36.41,3.07,31.31,29.06,25649,126042,846278.21,5090.343685634667,34.17786882597633,243258,0.316034827220482,0.04858216379317432,0.4164344029795526,9824.239731836355,Cluster 4,Lower-density structure,-0.39701787402365846,0.33579801448233315
500230,Brasilândia - MS,11840,37,21,11,135,31.25,9.29054054054054,114.02027027027027,0.5675675675675675,2596.46,41.78,12.61,20.65,19.91,14646,114303,424094.71,9653.969594594593,35.818809966216214,227057,0.4527893876867923,0.020364930391928018,0.35609560594916695,19177.111486486487,Cluster 4,Lower-density structure,-0.6696869009454629,-0.7084867833607315
500240,Caarapó - MS,32406,73,25,20,348,22.526692587792386,6.171696599395174,107.38752082947603,0.3424657534246575,1609.07,53.09,4.22,34.56,22.53,61995,461570,1945960.79,14243.349996914152,60.04939795099673,398560,0.49683109193095143,0.0207271176234444,0.3319801284624649,12298.956983274704,Cluster 3,Regional hubs and dense network,1.8209776639922035,0.9410388774014489
500260,Camapuã - MS,13920,40,18,18,121,28.735632183908045,12.931034482758621,86.92528735632183,0.45,2265.09,60.44,3.23,28.85,19.29,9357,83700,597433.75,6012.931034482759,42.91909123563219,250877,0.4502285980779426,0.03736492384714422,0.2900584748701555,18022.772988505745,Cluster 3,Regional hubs and dense network,0.12159018500982448,0.3695109893372211
500270,Campo Grande - MS,954537,1418,216,1762,17273,14.855369671369472,18.459211114917494,180.95684085582855,0.152327221438646,2225.15,50.17,0.35,51.14,33.47,4824172,31109887,210712376.47,32591.598858923226,220.74825435787193,8106156,0.38977895318076783,0.026658258242254405,0.36038030849640695,8492.23864554229,Cluster 3,Regional hubs and dense network,4.036161391156082,-0.5753153472892878
500280,Caracol - MS,5115,13,12,13,44,25.41544477028348,25.41544477028348,86.02150537634408,0.9230769230769232,2855.44,35.290000000000006,2.72,26.77,19.21,7693,26227,161615.03,5127.468230694038,31.59629130009775,126511,0.3671538443297421,0.023950486518958827,0.3799353415908498,24733.333333333336,Cluster 1,Small municipalities with high local capacity,-2.5270515292371556,-1.1707919170992673
500290,Cassilândia - MS,21549,97,27,44,221,45.01368973038192,20.41858090862685,102.5569632001485,0.27835051546391754,2276.9100000000003,39.37,1.13,43.43,21.1,201855,1450572,3549750.04,67315.04942224697,164.72922362986682,360107,0.46609757655363543,0.022101764197863413,0.27670386857239654,16711.07708014293,Cluster 3,Regional hubs and dense network,1.8056120739629238,-0.5890463368381645
500295,Chapadão do Sul - MS,33791,112,25,51,314,33.14492024503566,15.09277618300731,92.92415140126069,0.22321428571428573,2818,49.32,10.97,20.92,32.87,69503,606964,3522399.4099999997,17962.29765322127,104.24075671036665,437461,0.20140995425877964,0.017489559069265602,0.6196438082480495,12946.080317244236,Cluster 3,Regional hubs and dense network,0.6721744753091667,-1.8729083781489622
500310,Corguinho - MS,4893,7,7,0,17,14.30615164520744,0,34.74351113836092,1,2680.11,47.53,10.54,33.54,20.15,1013,11936,2471.61,2439.4032291027997,0.5051318209687309,83777,0.486577461594471,0.023001539802093653,0.27520679900211276,17121.806662579198,Cluster 4,Lower-density structure,-2.446344911564778,1.7460803575476898
500315,Coronel Sapucaia - MS,14661,20,12,9,39,13.641634267785282,6.138735420503376,26.601186822181297,0.6,2284.46,30.71,30.17,53.63,28.01,2133,139388,379572.95,9507.400586590275,25.889976809221746,216238,0.4624626568873186,0.019117823879244166,0.34226176712696194,14749.198553986767,Cluster 2,High spending and outcome-alert profile,-1.8546380456198985,2.1154335623266434
500320,Corumbá - MS,99107,187,72,142,1113,18.86849566630006,14.327948580826783,112.3028645807057,0.3850267379679144,2193.21,50.01,0.19,44.83,18.64,198782,1103317,11739289.13,11132.583974895819,118.45065565499915,755313,0.5801833147317734,0.02882116420609734,0.24872734879447328,7621.187201711281,Cluster 3,Regional hubs and dense network,1.6944687671274208,0.9758577528547268
500325,Costa Rica - MS,28163,77,23,56,315,27.340837268756882,19.88424528636864,111.8488797358236,0.2987012987012987,2672.58,25.32,1.5,44.760000000000005,24.12,55571,300604,4534963.3,10673.720839399211,161.02557611049957,463545,0.5059249911011876,0.027352252747845408,0.30509874985168645,16459.361573695984,Cluster 3,Regional hubs and dense network,0.45110528976632397,-1.121220178152858
500330,Coxim - MS,33390,89,30,75,657,26.654687032045523,22.461814914645103,196.76549865229111,0.33707865168539325,2622.52,39.36,2.47,62.760000000000005,23.110000000000003,117813,808725,5627481.859999999,24220.575022461817,168.53794129979033,444546,0.5582909305223757,0.025401195826753587,0.28227225079069435,13313.746630727763,Cluster 3,Regional hubs and dense network,1.9340008264914723,-0.6508404231952506
500345,Deodápolis - MS,14210,44,21,12,181,30.96410978184377,8.444757213230119,127.37508796622097,0.4772727272727273,1076.16,70.32,2.88,71.36,18.92,2549,79558,201366.75,5598.733286418015,14.170777621393386,358659,0.445977934472577,0.027848178910887502,0.33084907948775855,25239.90147783251,Cluster 3,Regional hubs and dense network,1.5959910592762423,1.1223242250026952
500348,Dois Irmãos do Buriti - MS,11470,20,15,14,69,17.436791630340018,12.205754141238012,60.156931124673065,0.75,2114.57,41.83,1.16,46.95,25.5,27998,219528,261626.57,19139.31996512642,22.809639930252835,168153,0.5403709716746059,0.023145587649343158,0.3030870695140735,14660.244115082825,Cluster 4,Lower-density structure,-0.6886420848556917,0.4636183553663217
500350,Douradina - MS,5749,16,11,0,60,27.83092711775961,0,104.36597669159853,0.6875,2036.36,49.34,0.62,47.71,21.979999999999997,13895,143818,79544.9,25016.1767263872,13.836301965559226,99569,0.38503952033263367,0.023933151884622725,0.35450792917474316,17319.359888676292,Cluster 4,Lower-density structure,-0.2570467167745013,1.0735000225818214
500370,Dourados - MS,260640,994,107,502,6428,38.13689379987723,19.26028238182934,246.62369551872314,0.10764587525150904,953.44,76.42,0.59,112.74,25.04,377840,2272091,34547772.97,8717.353437691836,132.54977351903008,3166452,0.5108073642044787,0.028766897461259478,0.28216186444638985,12148.75690607735,Cluster 3,Regional hubs and dense network,5.483952358095385,-0.2529959363784876
500375,Eldorado - MS,11633,25,12,21,112,21.490587122840196,18.052093183185765,96.27783031032408,0.48,2146.21,48.27,2.16,44.17,22.9,4469,53553,148476.24,4603.541648757844,12.76336628556692,266730,0.5506692160611855,0.021598620327672177,0.26883740111723464,22928.73721310066,Cluster 3,Regional hubs and dense network,0.606416755392781,0.43004917685000765
500380,Fátima do Sul - MS,21388,59,23,54,164,27.58556199738171,25.247802506078173,76.67851131475594,0.3898305084745763,1001.64,51.77,1.7,74.91000000000001,24,35498,210948,1960378.98,9862.913783429962,91.65789134093885,379951,0.5056336211774676,0.02437945945661414,0.30455242912901925,17764.681129605386,Cluster 3,Regional hubs and dense network,2.163624818524047,1.3023810344789546
500390,Figueirão - MS,3709,9,6,9,37,24.265300620113237,24.265300620113237,99.75734699379888,0.6666666666666666,3497.8,54,2.12,20.73,17.39,8980,71824,232729.18000000002,19364.7883526557,62.7471501752494,68761,0.32767120897020113,0.042247785808816045,0.3483079070985006,18538.95928821785,Cluster 1,Small municipalities with high local capacity,-2.627287489378972,-2.760788303095359
500400,Glória de Dourados - MS,10777,47,9,10,55,43.61139463672636,9.279020135473694,51.03461074510532,0.1914893617021277,1557.3,35.220000000000006,3.87,27.07,21.65,2236,45442,101682.23,4216.572329961956,9.435114595898673,246273,0.3995484685694331,0.010029520085433645,0.3458844453106918,22851.72125823513,Cluster 3,Regional hubs and dense network,1.0211933458793572,0.21201113106576192
500410,Guia Lopes da Laguna - MS,10135,16,7,16,66,15.786877158362111,15.786877158362111,65.1208682782437,0.4375,1349.87,49.51,0.8200000000000001,40.03,27.76,7949,48452,224841.96,4780.661075481006,22.184702516033546,156517,0.5179756831526288,0.021243698767546018,0.30276583374329946,15443.216576221015,Cluster 4,Lower-density structure,0.5409493423294838,0.07191636583709349
500430,Iguatemi - MS,14017,29,13,33,308,20.689163159021188,23.54284083612756,219.73318113719057,0.4482758620689655,2192.12,54.33,1.76,28.79,22.57,8470,124257,511016.42,8864.735678105157,36.45690375972034,243387,0.5163299601046892,0.026118897065167818,0.3010842814119078,17363.701219947205,Cluster 3,Regional hubs and dense network,0.8126178520870335,-1.2641087089484078
500440,Inocência - MS,8712,27,11,15,31,30.991735537190085,17.21763085399449,35.583103764921944,0.4074074074074074,4646.95,66.89,6.74,24.22,27.9,4530,74701,396893.02,8574.49494949495,45.557050045913684,207483,0.464153689699879,0.035713769320860025,0.28918031838753055,23815.77134986226,Cluster 1,Small municipalities with high local capacity,-1.3644219340646688,-2.1735483047437416
500450,Itaporã - MS,25075,36,22,23,192,14.356929212362912,9.17248255234297,76.57028913260218,0.6111111111111112,1768.63,41.84,5.64,26.64,28.09,5834,117395,473469.44,4681.754735792622,18.88213120638086,407649,0.47473439159669223,0.02017667159737912,0.31796471964852113,16257.188434695912,Cluster 4,Lower-density structure,-0.4386870557357171,0.4757778016206034
500460,Itaquiraí - MS,19996,19,15,15,79,9.501900380076014,7.501500300060012,39.50790158031606,0.7894736842105263,1764.31,55.89,3.03,32.05,23.24,4463,224005,1157730.22,11202.49049809962,57.898090618123625,341270,0.5682655961555366,0.01936589796934978,0.26069387874703315,17066.913382676536,Cluster 4,Lower-density structure,-0.602623600190086,2.310087608117888
500470,Ivinhema - MS,29613,125,17,33,539,42.21119103096613,11.143754432175058,182.01465572552596,0.136,1871.88,51.36,3.6,39.24,22.19,17096,366952,1247323.66,12391.584776956068,42.12081383176307,527892,0.5410595349048669,0.01669470270434104,0.287628908943496,17826.36004457502,Cluster 3,Regional hubs and dense network,2.230532933151237,-1.0317841605701612
500480,Japorã - MS,8409,8,8,0,34,9.513616363420144,0,40.43286954453561,1,1588.59,32.349999999999994,6.659999999999999,59.68,16.99,313,303,60750,36.032821976453796,7.224402425972173,75266,0.45542476018388117,0.02010203810485478,0.3325538755879149,8950.648115114758,Cluster 2,High spending and outcome-alert profile,-2.1397660952442763,4.504403039376877
500490,Jaraguari - MS,7425,5,5,0,115,6.734006734006734,0,154.88215488215488,1,2786.56,52.39,15.58,13.52,26.57,14149,115708,118782.21,15583.569023569024,15.997604040404042,70691,0.16290616910214878,0.021318131020922042,0.555162609101583,9520.6734006734,Cluster 4,Lower-density structure,-2.223638814788939,0.64629370882469
500500,Jardim - MS,24509,77,26,37,177,31.4170304785997,15.096495165041414,72.21836876249542,0.33766233766233766,1741.9,52.16,4,50.66,24.07,39064,252025,918022.25,10282.957280998817,37.45653637439308,479787,0.4928416151333821,0.02381056593863527,0.3221429509344772,19575.951691215472,Cluster 3,Regional hubs and dense network,1.411865303416505,-0.23774014216504322
500510,Jateí - MS,3620,14,11,10,53,38.67403314917127,27.624309392265193,146.40883977900552,0.7857142857142857,4565.9,48.64,8.5,16.419999999999998,19.35,8604,86784,26514,23973.480662983427,7.324309392265193,96420,0.5582036921800456,0.00833851897946484,0.29125700062227755,26635.359116022097,Cluster 1,Small municipalities with high local capacity,-2.4416630223204767,-4.30398546150919
500515,Juti - MS,7009,14,9,9,56,19.974318733057498,12.840633471251248,79.89727493222999,0.6428571428571429,2787.94,43.75,3.5,23.97,27.71,12973,123865,136266.86,17672.27849907262,19.441697817092308,81028,0.3036110973984302,0.042010169324184235,0.40445278175445526,11560.564987872736,Cluster 4,Lower-density structure,-1.4772387513426244,-1.2123840555282546
500520,Ladário - MS,22290,20,13,0,76,8.972633467922835,0,34.096007178106774,0.65,891.54,47.73,0.9,43.45,16.2,8119,79328,1102890.89,3558.9053387169133,49.47917855540601,252274,0.4733504047186789,0.0260510397425022,0.3191529844534118,11317.810677433827,Cluster 4,Lower-density structure,0.1417018553513845,3.8597177276064096
500525,Laguna Carapã - MS,7012,13,10,7,36,18.539646320593267,9.982886480319454,51.3405590416429,0.7692307692307693,2726.8,66.82,6.34,28.31,23.44,1035,47226,177010.1,6735.025670279521,25.243881916714205,124342,0.49305142268903507,0.023395152080552026,0.3288912837174889,17732.74386765545,Cluster 4,Lower-density structure,-1.9585959120652412,-0.579411770793299
500540,Maracaju - MS,47558,93,49,46,309,19.555069599226208,9.672400016821566,64.97329576517095,0.5268817204301075,1949.48,39.09,1,40.16,20.25,86282,593985,3735303.84,12489.69679128643,78.54207157576012,581142,0.32166664945916834,0.03238107037522671,0.4462317299386381,12219.647588208083,Cluster 3,Regional hubs and dense network,1.194653810447647,0.9017379566085838
500560,Miranda - MS,26487,36,26,24,57,13.591573224600749,9.061048816400499,21.51999093895118,0.7222222222222222,1681.22,32.89,2.13,47.25,23.76,147118,429469,955634.83,16214.33155887794,36.079391022010796,358544,0.560349636306841,0.027034338881699316,0.26702162077736624,13536.602861781252,Cluster 4,Lower-density structure,-0.45187369863381993,2.075684334627217
500568,Mundo Novo - MS,19937,39,16,42,98,19.561619100165522,21.066359030947485,49.15483773887746,0.41025641025641024,1180.92,53.23,1.88,37.66,19.959999999999997,5140,65696,326586,3295.1798164217284,16.38089983447861,250438,0.4171491546809989,0.03459938188294109,0.3521829754270518,12561.468626172444,Cluster 3,Regional hubs and dense network,0.6487802751851494,1.2636003574961403
500570,Naviraí - MS,52707,183,64,80,867,34.72024588764301,15.178249568368528,164.49427969719392,0.34972677595628415,1962.23,57.33,4.14,46.13,25.68,102402,802609,4724301.609999999,15227.749634773369,89.63328609103154,738094,0.4779743501505228,0.025140429267816837,0.33189945996038445,14003.71867114425,Cluster 3,Regional hubs and dense network,2.376158485789446,-0.6839345240235281
500580,Nioaque - MS,13412,17,13,6,93,12.675216224276767,4.47360572621533,69.3408887563376,0.7647058823529411,2020.05,46.87,8.3,44.1,19.49,3624,87149,175453.16999999998,6497.837757232329,13.081805099910527,161731,0.6538635141067575,0.02308153662563145,0.2030099362521718,12058.678795108857,Cluster 2,High spending and outcome-alert profile,-1.2099230681296085,2.091470261384617
500600,Nova Alvorada do Sul - MS,23054,38,18,21,131,16.48303981955409,9.109048321332523,56.82311095688384,0.47368421052631576,1848.88,64.67999999999999,2.48,33.120000000000005,22.19,8337,144534,806691.3999999999,6269.367571787976,34.99138544287325,208569,0.4132828943898662,0.02407836255627634,0.3595356932238252,9046.97666348573,Cluster 4,Lower-density structure,0.34788011272874253,0.6754620058276387
500620,Nova Andradina - MS,50610,221,43,86,422,43.66725943489429,16.992689191859316,83.38273068563525,0.1945701357466063,2351.5,36.260000000000005,2.69,45.87,29.1,76910,537221,2972200.51,10614.918000395179,58.727534281762495,573203,0.3716205253636146,0.03432291875653128,0.36189098800948355,11325.884212606205,Cluster 3,Regional hubs and dense network,2.5956918401400864,-1.4563486954212206
500625,Novo Horizonte do Sul - MS,4811,8,6,12,24,16.628559551028893,24.94283932654334,49.88567865308668,0.75,2644.8700000000003,34.68,17.87,40.23,19.01,983,24816,108155.51,5158.179172729162,22.48087923508626,111146,0.42699692296618863,0.0007647598654022637,0.3483256257535134,23102.473498233216,Cluster 2,High spending and outcome-alert profile,-2.9295309603266486,0.37258556824463185
500627,Paraíso das Águas - MS,5777,17,12,0,142,29.427038255149732,0,245.80231954301541,0.7058823529411765,3729.77,37.41,10.95,22.37,17.779999999999998,27804,187848,417797.19,32516.53107149039,72.32078760602388,109254,0.432798799128636,0.02342248338733593,0.3552272685668259,18911.89198545958,Cluster 4,Lower-density structure,-1.1626658253590607,-0.8836621599289998
500630,Paranaíba - MS,42543,170,38,161,598,39.95957031709094,37.84406365324495,140.56366499776698,0.2235294117647059,2280.62,37.379999999999995,0.8600000000000001,54.42,22.64,105294,1472667,6148477.2700000005,34615.965023623154,144.52382930211786,549709,0.5265440442124834,0.015537311559388695,0.27176196860520746,12921.256140845733,Cluster 3,Regional hubs and dense network,2.9491240253582105,-1.9373746902491191
500635,Paranhos - MS,13323,27,16,11,80,20.26570592208962,8.256398708999475,60.046536065450724,0.5925925925925926,1578.84,35.93,7.9,51.06,29.82,14484,72743,192653.07,5459.956466261352,14.460186894843504,179058,0.5433211585072993,0.026644997710239142,0.27548615532397325,13439.765818509346,Cluster 4,Lower-density structure,-0.29438145377395886,1.1620825417743181
500640,Pedro Gomes - MS,6974,12,5,34,98,17.20676799541153,48.75250932033267,140.52193862919415,0.4166666666666667,2286.96,45.260000000000005,2.8299999999999996,21.16,23.49,1914,58544,186526.53,8394.608546028105,26.745989389159735,127821,0.5797873588846904,0.023658084352336472,0.24213548634418444,18328.219099512473,Cluster 1,Small municipalities with high local capacity,-0.7022636415180306,-1.9310828543270426
500660,Ponta Porã - MS,97577,183,57,127,1099,18.754419586582905,13.015362226754254,112.62900068663721,0.3114754098360656,1196.51,44.05,4.01,75.35,15.31,121908,811780,10177658.45,8319.378542074464,104.303867202312,1441963,0.48779476311112,0.02295759322534628,0.2727642803594822,14777.693513840351,Cluster 3,Regional hubs and dense network,2.829694975039129,2.190590801780849
500690,Porto Murtinho - MS,12864,18,13,17,86,13.992537313432836,13.215174129353235,66.85323383084577,0.7222222222222222,3839.37,30.25,14.32,30.14,20.479999999999997,13197,87278,281797.04,6784.67039800995,21.905864427860696,211104,0.4297076322570866,0.02475557071396089,0.3690834849173867,16410.447761194027,Cluster 4,Lower-density structure,-2.833377780973036,-0.13967840836030626
500710,Ribas do Rio Pardo - MS,23996,65,17,35,128,27.08784797466244,14.585764294049008,53.34222370395066,0.26153846153846155,3007.56,51.82,5.29,13.98,25.01,34051,381507,902646.31,15898.7747957993,37.616532338723125,295158,0.3579980891590267,0.025698100678280784,0.4192025965753935,12300.300050008334,Cluster 4,Lower-density structure,0.15095692803255154,-1.3628990081494272
500720,Rio Brilhante - MS,39936,128,32,52,403,32.05128205128205,13.020833333333332,100.91145833333334,0.25,2007.48,47.52,3.96,33.89,24.35,56168,489361,2052260.6199999999,12253.630809294873,51.38873747996794,635898,0.5438466546521612,0.01755784732771608,0.2781499548669755,15922.926682692309,Cluster 3,Regional hubs and dense network,1.401622695427773,-0.45856145509904417
500730,Rio Negro - MS,4933,10,8,8,28,20.27163997567403,16.217311980539225,56.760591931887284,0.8,2786.15,36.48,0.56,34.28,18.77,2261,28247,141925.56,5726.1301439286435,28.770638556659232,101835,0.4011489173663279,0.027790052535965042,0.3474247557323121,20643.62456922765,Cluster 1,Small municipalities with high local capacity,-1.6626923298803344,0.2756245520444135
500740,Rio Verde de Mato Grosso - MS,20393,41,15,28,211,20.1049379689109,13.73020153974403,103.46687588878537,0.36585365853658536,2258,56.849999999999994,3.49,32.55,23.89,46974,371716,789294.66,18227.627126955325,38.70419555729907,311357,0.47449069717398357,0.019893562694912912,0.3136624517836439,15267.83700289315,Cluster 3,Regional hubs and dense network,0.5935353038372557,-0.18337457607392305
500750,Rochedo - MS,5407,8,4,7,7,14.79563528759016,12.946180876641392,12.946180876641392,0.5,2854.79,51.23,4.7700000000000005,33.839999999999996,22.73,4882,101299,138670.35,18734.788237469947,25.64644904753098,91449,0.4957407954160242,0.030071405920239696,0.2771162068475325,16913.075642685406,Cluster 2,High spending and outcome-alert profile,-2.631837506848644,1.1305248943540795
500755,Santa Rita do Pardo - MS,7174,14,11,11,71,19.514914970727627,15.333147477000278,98.96849735154726,0.7857142857142857,3132.9300000000003,41.43,3.34,31.72,17.779999999999998,25557,264190,1383848.7000000002,36826.03847226094,192.89778366322835,140402,0.48217261862366634,0.0248429509551146,0.31227475392088433,19570.950655143573,Cluster 1,Small municipalities with high local capacity,-1.9170391476601851,-0.4487037529962827
500769,São Gabriel do Oeste - MS,31694,86,23,41,616,27.134473401905723,12.936202435792262,194.35855366946427,0.26744186046511625,4270.45,39.94,4.79,19.2,38.6,116858,461898,3066057.4699999997,14573.6732504575,96.73936612608064,554920,0.47995927340877964,0.02164456137821668,0.3253568081885677,17508.676721145956,Cluster 3,Regional hubs and dense network,0.8932105498146814,-3.039917711344124
500770,Sete Quedas - MS,11301,17,7,18,14,15.042916556056987,15.927794000530925,12.388284222635164,0.4117647058823529,1527.21,54.879999999999995,1.07,33.82,22.62,5841,53309,247473.54,4717.193168746129,21.898375365011947,162130,0.6107012890890027,0.021587614876950594,0.23458335903287486,14346.518007255994,Cluster 4,Lower-density structure,-0.23378178402087574,0.24887852445124514
500780,Selvíria - MS,8593,14,10,0,42,16.292330967066217,0,48.876992901198655,0.7142857142857143,2710.55,51.34,1.31,25.45,19.42,25572,167598,175984.44,19504.014895845456,20.479976725241475,116122,0.541060264204888,0.01799831212001171,0.29763524568987787,13513.557546840451,Cluster 4,Lower-density structure,-0.9006184430603301,0.6767002855989127
500790,Sidrolândia - MS,49374,78,35,38,419,15.797788309636651,7.696358407258882,84.86247822740712,0.44871794871794873,1059.4,63.89,0.95,78.84,16.97,39160,395075,1656324.76,8001.681046704743,33.546497346781706,727955,0.4290539937221394,0.038656235618959964,0.3325631392050333,14743.691011463523,Cluster 3,Regional hubs and dense network,2.29231079343856,2.6439995819818742
500793,Sonora - MS,14822,42,16,21,109,28.33625691539603,14.168128457698016,73.5393334232897,0.380952380952381,2802.4100000000003,48.43,2.11,21.26,30.09,56686,394614,507017.62,26623.532586695455,34.20709890703009,308873,0.5581452571121465,0.02216121188967634,0.2761685223376598,20838.820671974096,Cluster 4,Lower-density structure,0.25612972456803684,-1.4448894450516085
500795,Tacuru - MS,11159,20,13,8,46,17.922752934850795,7.169101173940318,41.222331750156826,0.65,1635.81,51.47,2.16,49.3,19.8,23234,44623,192442.1,3998.8350210592344,17.24546106281925,131671,0.5388734041664451,0.01954112902613332,0.29048157908727057,11799.534008423694,Cluster 4,Lower-density structure,-0.6596312399201673,1.9425186395931502
500797,Taquarussu - MS,3730,9,7,6,30,24.128686327077748,16.0857908847185,80.4289544235925,0.7777777777777778,4389.44,43.46,6.6899999999999995,21.68,23.88,1851,24216,83277.43000000001,6492.225201072386,22.32638873994638,88011,0.5777459635727352,0.014395927781754553,0.24669643567281363,23595.44235924933,Cluster 1,Small municipalities with high local capacity,-3.3995315501635868,-2.9716391521281516
500800,Terenos - MS,18139,22,15,0,244,12.12856276531231,0,134.5167870334638,0.6818181818181818,1964.97,49.96,7.57,32.260000000000005,24.47,22446,265086,1134470.04,14614.146314570813,62.543141297756215,220015,0.5219825920959934,0.0371292866395473,0.2840124536963389,12129.389712773582,Cluster 4,Lower-density structure,-0.042500393264090226,0.9823864305439737
500830,Três Lagoas - MS,141435,451,72,197,3672,31.887439459822534,13.928659808392547,259.62456251988544,0.15964523281596452,2868.99,53.790000000000006,0.47,36.59,31.28,713665,1774781,18898242.900000002,12548.386184466362,133.6178661575989,2079794,0.47809542675861166,0.01777964548412006,0.3160154322976218,14704.945734789833,Cluster 3,Regional hubs and dense network,3.811079504177865,-1.7432178974750685
500840,Vicentina - MS,6476,15,11,13,38,23.162445954292775,20.07411982705374,58.6781964175417,0.7333333333333333,3574.6,44.92,29.14,54.52,22.29,1331,45194,208845.41,6978.6905497220505,32.24913681284744,106848,0.5624251272836178,0.019513701707097934,0.2223719676549865,16499.073502161827,Cluster 2,High spending and outcome-alert profile,-3.534183865650741,1.2881028057183905
